{
    "name":"Deemen17 DEM.7",
    "vendorId":"0xDEEE",
    "productId":"0xDEE7",
    "keycodes": ["qmk_lighting"],
    "menus": ["qmk_rgblight"],
    "matrix":{
       "rows":9,
       "cols":8
    },
    "layouts":{
       "labels":[
          "Split Backspace",
          "Right 1.75U Shift + 1U Fn",
          "Left 2.25U Space + 1U Fn",
          "Alice Left Navigation"
       ],
       "keymap":[
         [
            {
              "x": 15.15
            },
            "1,6\n\n\n0,1",
            "0,7\n\n\n0,1"
          ],
          [
            {
              "y": 0.1499999999999999,
              "x": 0.15
            },
            "0,0\n\n\n3,0"
          ],
          [
            {
              "y": -0.95,
              "x": 3.7
            },
            "1,1",
            {
              "x": 8.45
            },
            "1,5"
          ],
          [
            {
              "y": -0.9500000000000002,
              "x": 17.15
            },
            "1,7"
          ],
          [
            {
              "y": -0.9999999999999998,
              "x": 1.7
            },
            "1,0",
            "0,1",
            {
              "x": 10.45
            },
            "0,6",
            {
              "w": 2
            },
            "0,7\n\n\n0,0"
          ],
          [
            {
              "y": -0.10000000000000009,
              "x": 0.15
            },
            "2,0\n\n\n3,0"
          ],
          [
            {
              "y": -0.9499999999999997,
              "x": 13
            },
            "3,5"
          ],
          [
            {
              "y": -0.9500000000000002,
              "x": 1.5,
              "w": 1.5
            },
            "3,0",
            "3,1",
            {
              "x": 10
            },
            "2,6",
            "3,6",
            {
              "w": 1.5
            },
            "2,7",
            "3,7"
          ],
          [
            {
              "y": -0.10000000000000009,
              "x": 0.15
            },
            "4,0\n\n\n3,0"
          ],
          [
            {
              "y": -0.9000000000000004,
              "x": 1.3,
              "w": 1.75
            },
            "5,0",
            "6,1",
            {
              "x": 11.349999999999998,
              "w": 2.25
            },
            "4,7"
          ],
          [
            {
              "y": -0.9999999999999996,
              "x": 13.4
            },
            "5,5",
            "4,6"
          ],
          [
            {
              "x": 1.05,
              "w": 2.25
            },
            "6,0",
            "8,1",
            {
              "x": 8.8
            },
            "7,5",
            "6,6",
            {
              "w": 2.75
            },
            "7,6\n\n\n1,0",
            {
              "x": 0.75,
              "w": 1.75
            },
            "7,6\n\n\n1,1",
            "5,7\n\n\n1,1"
          ],
          [
            {
              "x": 1.05,
              "w": 1.5
            },
            "7,0",
            {
              "x": 13.849999999999998
            },
            "6,7"
          ],
          [
            {
              "x": 15.4
            },
            "8,6",
            "7,7",
            "8,7"
          ],
          [
            {
              "y": -0.5,
              "x": 0.55
            },
            "0,0\n\n\n3,1"
          ],
          [
            {
              "x": 0.35
            },
            "2,0\n\n\n3,1"
          ],
          [
            {
              "x": 0.15
            },
            "4,0\n\n\n3,1"
          ],
          [
            {
              "r": 12,
              "y": -9.5,
              "x": 5.05
            },
            "2,1",
            "0,2",
            "1,2",
            "0,3"
          ],
          [
            {
              "x": 4.6
            },
            "4,1",
            "2,2",
            "3,2",
            "2,3"
          ],
          [
            {
              "x": 4.85
            },
            "5,1",
            "4,2",
            "5,2",
            "4,3"
          ],
          [
            {
              "x": 5.3
            },
            "7,1",
            "6,2",
            "7,2",
            "6,3"
          ],
          [
            {
              "x": 6.6,
              "w": 2
            },
            "8,2\n\n\n2,0",
            {
              "w": 1.25
            },
            "8,3\n\n\n2,0"
          ],
          [
            {
              "y": -0.9500000000000002,
              "x": 5.05,
              "w": 1.5
            },
            "8,0"
          ],
          [
            {
              "y": 0.25,
              "x": 6.5,
              "w": 2.25
            },
            "8,2\n\n\n2,1",
            "8,3\n\n\n2,1"
          ],
          [
            {
              "r": -12,
              "y": -2.7,
              "x": 8.45
            },
            "1,3",
            "0,4",
            "1,4",
            "0,5"
          ],
          [
            {
              "x": 8.05
            },
            "3,3",
            "2,4",
            "3,4",
            "2,5"
          ],
          [
            {
              "x": 8.2
            },
            "5,3",
            "4,4",
            "5,4",
            "4,5"
          ],
          [
            {
              "x": 7.75
            },
            "7,3",
            "6,4",
            "7,4",
            "6,5"
          ],
          [
            {
              "x": 7.75,
              "w": 2.75
            },
            "8,4"
          ],
          [
            {
              "y": -0.9500000000000002,
              "x": 10.55,
              "w": 1.5
            },
            "8,5"
          ]     
       ]
    }
 }